Keywords used,restaurants purmerend,,
website,emails,level,contacturl

http://www.lacubanita.nl,"gouda@lacubanita.nl, groningen@lacubanita.nl, deventer@lacubanita.nl, breda@lacubanita.nl, harderwijk@lacubanita.nl, ridderkerk@lacubanita.nl, roosendaal@lacubanita.nl, rotterdam@lacubanita.nl, bussum@lacubanita.nl, heerlen@lacubanita.nl, weert@lacubanita.nl, haarlem@lacubanita.nl, leeuwarden@lacubanita.nl, dordrecht@lacubanita.nl, denhelder@lacubanita.nl, info@lacubanita.nl, nijmegen@lacubanita.nl, apeldoorn@lacubanita.nl, alphen@lacubanita.nl, delft@lacubanita.nl, tiel@lacubanita.nl, helmond@lacubanita.nl, doetinchem@lacubanita.nl, sittard@lacubanita.nl, heerhugowaard@lacubanita.nl, nieuwegein@lacubanita.nl, arnhem@lacubanita.nl, tilburg@lacubanita.nl, utrecht@lacubanita.nl, alkmaar@lacubanita.nl, enschede@lacubanita.nl, zaandam@lacubanita.nl, naaldwijk@lacubanita.nl, purmerend@lacubanita.nl, schiedam@lacubanita.nl, beverwijk@lacubanita.nl, noordwijk@lacubanita.nl, almere@lacubanita.nl, schagen@lacubanita.nl, emmen@lacubanita.nl, hoorn@lacubanita.nl, voorburg@lacubanita.nl, gorinchem@lacubanita.nl, eindhoven@lacubanita.nl, amersfoort@lacubanita.nl, hoofddorp@lacubanita.nl, denhaag@lacubanita.nl, leiden@lacubanita.nl, shertogenbosch@lacubanita.nl, woerden@lacubanita.nl, maastricht@lacubanita.nl, spijkenisse@lacubanita.nl, zoetermeer@lacubanita.nl, zwolle@lacubanita.nl",sure,https://lacubanita.nl/contact
http://www.dejutterpurmerend.nl,"solliciteren@dejutterpurmerend.nl, info@dejutterpurmerend.nl",sure,
http://www.kozee-etenendrinken.nl,info@kozee-etenendrinken.nl,sure,
http://www.brasabarenkitchen.nl,info@brasapurmerend.nl,sure,
http://www.restaurantfenicie.nl,purmerend@fenicie.nl,sure,
http://www.restauranttabasco.nl,info@Restauranttabasco.nl,not sure,
http://brasserie1434.nl,info@Brasserie1434.nl,not sure,https://brasserie1434.nl/over-brasserie-1434/
http://www.saporetti.nl,info@saporetti.nl,sure,
http://www.gachita.nl,info@gachita.nl,sure,
http://www.victoriagarden.nl,victoriagarden2006@hotmail.com,sure,
http://www.mykonospurmerend.nl,info@Mykonospurmerend.nl,not sure,
http://www.eterijeffeanders.nl,info@eterijeffeanders.nl,sure,
http://restaurantdedoele.nl,info@wokdedoele.nl,sure,
http://www.restaurantlacasa.nl,info@Restaurantlacasa.nl,not sure,http://restaurantlacasa.nl/en/direct-contact-met-la-casa/
http://www.kritipurmerend.nl,kritireserveren@gmail.com,sure,http://www.kritipurmerend.nl/contact
http://www.the-roast.nl,"info@the-roast.nl, sales@the-roast.nl",sure,
http://www.purmerend.family.nl,rongwei718@hotmail.com,sure,
http://spijkerman-etenendrinken.nl,info@spijkerman-etenendrinken.nl,sure,http://spijkerman-etenendrinken.nl/contact
http://www.cafedeheeren.nl,"info@cafedeheeren.nl, contact@example.com",sure,
http://www.eetcafejoenco.nl,info@eetcafejoenco.nl,sure,
http://www.the-roast.nl,"info@the-roast.nl, sales@the-roast.nl",sure,
http://www.eetcafedekeet.nl,"info@dekeetpurmerend.nl, dekeetpurmerend@gmail.com",sure,
http://www.de-stallen.nl,info@De-stallen.nl,not sure,https://www.de-stallen.nl/over-ons/
http://www.sensosushi.nl,info@Sensosushi.nl,not sure,http://www.sensosushi.nl/over-senso
http://diwalirestaurant.nl,info@Diwalirestaurant.nl,not sure,
http://arabesque-streetfood.nl,info@Arabesque-streetfood.nl,not sure,
http://www.purmerend.family.nl,rongwei718@hotmail.com,sure,
http://www.mr-miyagi.nl,info@Mr-miyagi.nl,not sure,http://www.mr-miyagi.nl/contact
http://www.bardotpurmerend.nl,hello@bnbbardot.nl,sure,
http://bluelotus.foodticket.nl,info@bluelotus.nl,sure,
http://www.facebook.com,info@Facebook.com,not sure,/recover/initiate/?privacy_mutation_token=eyJ0eXBlIjowLCJjcmVhdGlvbl90aW1lIjoxNjgyMjc1NjQxLCJjYWxsc2l0ZV9pZCI6Mjg0Nzg1MTQ5MzQ1MzY5fQ%3D%3D&c=https%3A%2F%2Fm.facebook.com%2F&r&cuid&ars=facebook_login&lwv=100&refid=8
http://www.browniesanddownies.nl,"8eb368c655b84e029ed79ad7a5c1718e@sentry.wixpress.com, 8c4075d5481d476e945486754f783364@sentry.io, 605a7baede844d278b89dc95ae0a9123@sentry-next.wixpress.com, dd0a55ccb8124b9c9d938e3acf41f8aa@sentry.wixpress.com",sure,
http://www.ferids.nl,klod_83@hotmail.com,sure,
http://holy-grill.nl,info@holy-grill.nl,sure,
http://www.caferooiesien.nl,info@caferooiesien.nl,sure,
http://www.yatta-orient.nl,info@Yatta-orient.nl,not sure,http://www.yatta-orient.nl/contact
http://www.midorikawa.nl,info@Midorikawa.nl,not sure,http://www.midorikawa.nl/contact
http://www.cafedebalustrade.nl,info@cafedebalustrade.nl,sure,
http://staeky.nl,info@Staeky.nl,not sure,https://staeky.nl/over-ons/
http://www.shoarma-babylon.nl,info@Shoarma-babylon.nl,not sure,http://www.shoarma-babylon.nl#business-contact-info
http://www.koemarkt.com,contact@example.com,sure,
http://cuisine-culinaire-purmerend.nl,info@Cuisine-culinaire-purmerend.nl,not sure,https://cuisine-culinaire-purmerend.nl/over-ons/
http://www.yatta-orient.nl,info@Yatta-orient.nl,not sure,http://www.yatta-orient.nl/contact
http://www.nerone.nl,contact@nerone.nl,sure,
http://www.kamlin.nl,info@Kamlin.nl,not sure,http://www.kamlin.nl/contact-en-route
http://www.reesushi.nl,info@reesushi.nl,sure,
http://www.kapadokya-purmerend.nl,info@Kapadokya-purmerend.nl,not sure,http://www.kapadokya-purmerend.nl/contact
http://www.troyadoner.nl,troyapurmerend@gmail.com,sure,
http://purmerend.ilovesushi.nl,purmerend@ilovesushi.nl,sure,
http://www.burggolf.nl,info@Burggolf.nl,not sure,https://www.burggolf.nl/nieuws-overzicht/
http://mcdonaldsrestaurant.nl,info@Mcdonaldsrestaurant.nl,not sure,https://mcdonaldsrestaurant.nl/utrecht-overvecht
http://www.donerplaza-purmerend.nl,info@Donerplaza-purmerend.nl,not sure,
http://www.pizza-cleopatra.nl,info@Pizza-cleopatra.nl,not sure,
http://www.italia-pizzeria.nl,info@Italia-pizzeria.nl,not sure,
http://www.johnnys.nl,info@Johnnys.nl,not sure,https://johnnys.nl/over-johnnys/
http://www.dominos.nl,info@Dominos.nl,not sure,http://www.dominos.nl/over-dominos
http://restauranttwaalf.nl,info@restauranttwaalf.nl,sure,
http://www.bossrestaurants.nl,bp@bossrestaurants.nl,sure,
http://brasseriezomaarpurmerend.nl,info@Brasseriezomaarpurmerend.nl,not sure,https://brasseriezomaarpurmerend.nl/over-zomaar/
http://www.hoedjevandekoningin.nl,info@hoedjevandekoningin.nl,sure,
http://www.smidetenendrinken.nl,info@smidetenendrinken.nl,sure,
http://www.tbeste.nl,info@tbeste.nl,sure,
http://www.newyorkpizza.nl,info@Newyorkpizza.nl,not sure,http://www.newyorkpizza.nl/bestellen/fingerfood/overig
http://www.purmerend.family.nl,rongwei718@hotmail.com,sure,
http://www.warrieknarrie.com,info@warrieknarrie.com,sure,
http://www.montegrandi.com,info@Montegrandi.com,not sure,http://www.montegrandi.com/contact
http://wapen-van-purmerend.business.site,info@Wapen-van-purmerend.business.site,not sure,
http://chineesrestaurantazie.nl,info@Chineesrestaurantazie.nl,not sure,http://chineesrestaurantazie.nl/contact
http://www.deandereoever.nl,info@Deandereoever.nl,not sure,https://www.deandereoever.nl/over-eetcafe-de-andere-oever/
http://www.dominos.nl,info@Dominos.nl,not sure,http://www.dominos.nl/over-dominos
http://www.enjoy-woksushi.nl,info@Enjoy-woksushi.nl,not sure,http://www.enjoy-woksushi.nl/contact
http://holy-grill.nl,info@holy-grill.nl,sure,


automatically generated by OOP mail v2,,,
Made by akula_Arthur,,,
